Country,Country Name,Country - RegionId,Indicator,Indicator Name,Indicator - Unit,Scale,Units,2016Q3,2016Q4,2017Q1,2017Q2,2017Q3,2017Q4,2018Q2,2019,2019Q1,2019Q2
AU,Australia,AU,KN.B4,Total Revenues,U.S. dollars,units,Million U.S. dollars,1199.68,1206.861,1234.393,1234.392634,1234,1242,1269,,1293,
AU,Australia,AU,KN.B3,Internet Population,numbers,units,Million,21.489,21.031,21.748,21.747365,22,22,23,,23,
AU,Australia,AU,KN.B2,Population,numbers,units,Million,24.309,24.31,24.642,24.641662,25,24,25,,25,
AU,Australia,AU,KN.B1,Rank,1 = top game revenue country,units,1 = Highest total revenue,13,14,14,14,14,14,14,,14,
GB,United Kingdom,GB,KN.B4,Total Revenues,U.S. dollars,units,U.S. dollars,3830.166,3941.529,4217.715,4217.71465,4218,4238,4453,5348,4731,5616
GB,United Kingdom,GB,KN.B3,Internet Population,numbers,units,millions,61.103,60.619,61.62,61.619475,62,62,64,64.7,64,65
GB,United Kingdom,GB,KN.B2,Population,numbers,units,numbers,65.111,65.112,65.512,65.511098,66,66,67,67,67,67
GB,United Kingdom,GB,KN.B1,Rank,1 = top game revenue country,units,1 = top game revenue country,6,6,5,5,5,5,6,6,6,6
US,United States of America,US,KN.B4,Total Revenues,U.S. dollars,units,Million U.S. dollars,23598.436,23459.093,25059.883,25059.88269,25060,25426,30411,35510,31535,36869
US,United States of America,US,KN.B3,Internet Population,numbers,units,millions,293.623,250.818,261.177,261.176568,261,260,265,273.7,265,274
US,United States of America,US,KN.B2,Population,numbers,units,millions,324.119,324.119,326.475,326.474013,326,324,327,329.1,327,329
US,United States of America,US,KN.B1,Rank,1 = top game revenue country,units,1 = Highest total revenue,2,2,2,2,2,2,2,2,2,1
DE,Germany,DE,KN.B4,Total Revenues,U.S. dollars,units,U.S. dollars,4018.661,4094.415,4378.066,4378.065542,4378,4430,4687,5721,4989,6012
DE,Germany,DE,KN.B3,Internet Population,numbers,units,millions,72.355,71.98,73.098,73.097802,73,74,76,76.8,76,77
DE,Germany,DE,KN.B2,Population,numbers,units,millions,80.682,80.683,80.637,80.636124,81,82,82,82.4,82,82
DE,Germany,DE,KN.B1,Rank,1 = top game revenue country,units,1 = Highest total revenue,5,4,4,4,4,4,5,5,5,5
JP,Japan,JP,KN.B4,Total Revenues,U.S. dollars,units,U.S. dollars,12447.57,12432.287,12545.659,12545.65865,12546,14048,19231,18683,17715,18952
JP,Japan,JP,KN.B3,Internet Population,numbers,units,numbers,117.562,119.073,119.829,119.828554,120,121,121,121.2,121,121
JP,Japan,JP,KN.B2,Population,numbers,units,numbers,126.324,126.324,126.046,126.045211,126,127,127,126.9,127,127
JP,Japan,JP,KN.B1,Rank,1 = top game revenue country,units,1 = top game revenue country,3,3,3,3,3,3,3,3,3,3
CA,Canada,CA,KN.B4,Total Revenues,U.S. dollars,units,Million U.S. dollars,1792.206,1841.55,1947.371,1947.370765,1947,1968,2303,2900,2399,2772
CA,Canada,CA,KN.B3,Internet Population,numbers,units,millions,32.805,32.656,33.455,33.454004,33,33,34,34.8,34,35
CA,Canada,CA,KN.B2,Population,numbers,units,numbers,36.286,36.287,36.627,36.626083,37,37,37,37.3,37,37
CA,Canada,CA,KN.B1,Rank,1 = top game revenue country,units,1 = top game revenue country,9,8,8,8,8,8,8,8,8,8
CN,China,CN,KN.B4,Total Revenues,U.S. dollars,units,Million U.S. dollars,24368.794,24271.294,27547.039,27547.03825,27547,32536,37945,36540,34400,36540
CN,China,CN,KN.B3,Internet Population,numbers,units,numbers,788.77,746.937,801.643,801.642507,802,814,850,900.6,850,901
CN,China,CN,KN.B2,Population,numbers,units,millions,1382.323,1382.324,1388.233,1388.232693,1388,1410,1415,1420.1,1415,1420
CN,China,CN,KN.B1,Rank,1 = top game revenue country,units,1 = Highest total revenue,1,1,1,1,1,1,1,1,1,2
FR,France,FR,KN.B4,Total Revenues,U.S. dollars,units,Million U.S. dollars,2737.941,2771.367,2967.052,2967.051801,2967,2977,3131,3875,3366,4091
FR,France,FR,KN.B3,Internet Population,numbers,units,numbers,56.749,56.023,57.381,57.38079,57,57,58,59.1,58,59
FR,France,FR,KN.B2,Population,numbers,units,millions,64.668,64.669,64.939,64.938716,65,65,65,65.5,65,65
FR,France,FR,KN.B1,Rank,1 = top game revenue country,units,1 = top game revenue country,7,7,7,7,7,7,7,7,7,7
HK,"China, Hong Kong SAR",HK,KN.B4,Total Revenues,U.S. dollars,units,Million U.S. dollars,186.165,180.224,267.151,267.150359,267,265,381,,502,
HK,"China, Hong Kong SAR",HK,KN.B3,Internet Population,numbers,units,Million,5.893,6.381,6.556,6.555449,7,7,7,,7,
HK,"China, Hong Kong SAR",HK,KN.B2,Population,numbers,units,Million,7.346,7.347,7.402,7.401941,7,7,7,,7,
HK,"China, Hong Kong SAR",HK,KN.B1,Rank,1 = top game revenue country,units,1 = Highest total revenue,42,41,37,37,37,37,30,,25,
CR,Costa Rica,CR,KN.B4,Total Revenues,U.S. dollars,units,Million U.S. dollars,25.866,25.769,29.568,29.567496,30,30,37,,42,
CR,Costa Rica,CR,KN.B3,Internet Population,numbers,units,Million,2.777,3.078,3.279,3.278139,3,3,4,,4,
CR,Costa Rica,CR,KN.B2,Population,numbers,units,Million,4.857,4.858,4.906,4.905626,5,5,5,,5,
CR,Costa Rica,CR,KN.B1,Rank,1 = top game revenue country,units,1 = Highest total revenue,84,85,87,87,87,88,83,,83,
CY,Cyprus,CY,KN.B4,Total Revenues,U.S. dollars,units,Million U.S. dollars,,13.677,,,15,15,,,27,
CY,Cyprus,CY,KN.B3,Internet Population,numbers,units,Million,,0.88,,,1,1,,,1,
CY,Cyprus,CY,KN.B2,Population,numbers,units,Million,,1.177,,,1,1,,,1,
CY,Cyprus,CY,KN.B1,Rank,1 = top game revenue country,units,1 = Highest total revenue,,100,,,100,100,,,87,
CZ,Czech Republic,CZ,KN.B4,Total Revenues,U.S. dollars,units,Million U.S. dollars,127.891,131.072,148.117,146.862832,147,154,157,,157,
CZ,Czech Republic,CZ,KN.B3,Internet Population,numbers,units,Million,8.913,8.816,9.038,9.037451,9,9,9,,9,
CZ,Czech Republic,CZ,KN.B2,Population,numbers,units,Million,10.548,10.549,10.556,10.55513,11,11,11,,11,
CZ,Czech Republic,CZ,KN.B1,Rank,1 = top game revenue country,units,1 = Highest total revenue,46,48,48,48,48,48,51,,49,
DK,Denmark,DK,KN.B4,Total Revenues,U.S. dollars,units,Million U.S. dollars,245.724,246.089,255.444,255.443618,255,259,269,,297,
DK,Denmark,DK,KN.B3,Internet Population,numbers,units,Million,5.526,5.512,5.559,5.558371,6,6,6,,6,
DK,Denmark,DK,KN.B2,Population,numbers,units,Million,5.691,5.691,5.712,5.711837,6,6,6,,6,
DK,Denmark,DK,KN.B1,Rank,1 = top game revenue country,units,1 = Highest total revenue,36,34,38,38,38,38,39,,38,
DO,Dominican Republic,DO,KN.B4,Total Revenues,U.S. dollars,units,Million U.S. dollars,62.329,54.415,48.438,48.437555,48,49,67,,58,
DO,Dominican Republic,DO,KN.B3,Internet Population,numbers,units,Million,6.106,5.927,6.39,6.389612,6,6,7,,7,
DO,Dominican Republic,DO,KN.B2,Population,numbers,units,Million,10.649,10.649,10.767,10.766564,11,11,11,,11,
DO,Dominican Republic,DO,KN.B1,Rank,1 = top game revenue country,units,1 = Highest total revenue,62,67,73,73,73,74,71,,71,
CU,Cuba,CU,KN.B4,Total Revenues,U.S. dollars,units,Million U.S. dollars,41.965,34.96,30.589,30.588047,31,31,44,,33,
CU,Cuba,CU,KN.B3,Internet Population,numbers,units,Million,4.183,3.909,4.292,4.291474,4,4,5,,5,
CU,Cuba,CU,KN.B2,Population,numbers,units,Million,11.393,11.393,11.391,11.390184,11,11,11,,11,
CU,Cuba,CU,KN.B1,Rank,1 = top game revenue country,units,1 = Highest total revenue,70,76,86,86,86,86,81,,85,
HR,Croatia,HR,KN.B4,Total Revenues,U.S. dollars,units,Million U.S. dollars,39.41,39.998,48.246,47.868191,48,50,55,,60,
HR,Croatia,HR,KN.B3,Internet Population,numbers,units,Million,3.171,3.083,3.196,3.195256,3,3,3,,3,
HR,Croatia,HR,KN.B2,Population,numbers,units,Million,4.225,4.226,4.21,4.209815,4,4,4,,4,
HR,Croatia,HR,KN.B1,Rank,1 = top game revenue country,units,1 = Highest total revenue,72,73,74,74,74,72,76,,70,
CO,Colombia,CO,KN.B4,Total Revenues,U.S. dollars,units,Million U.S. dollars,263.633,229.5,290.518,290.517489,291,291,335,,322,
CO,Colombia,CO,KN.B3,Internet Population,numbers,units,Million,29.325,28.993,31.004,31.003868,31,31,32,,32,
CO,Colombia,CO,KN.B2,Population,numbers,units,Million,48.654,48.655,49.068,49.067981,49,49,49,,49,
CO,Colombia,CO,KN.B1,Rank,1 = top game revenue country,units,1 = Highest total revenue,33,37,34,34,34,34,33,,36,
CL,Chile,CL,KN.B4,Total Revenues,U.S. dollars,units,Million U.S. dollars,192.906,142.476,180.887,180.886244,181,181,205,,234,
CL,Chile,CL,KN.B3,Internet Population,numbers,units,Million,14.205,12.279,13,12.999817,13,13,13,,13,
CL,Chile,CL,KN.B2,Population,numbers,units,Million,18.132,18.132,18.314,18.313495,18,18,18,,18,
CL,Chile,CL,KN.B1,Rank,1 = top game revenue country,units,1 = Highest total revenue,41,46,44,44,44,44,43,,42,
KH,Cambodia,KH,KN.B4,Total Revenues,U.S. dollars,units,Million U.S. dollars,,,,,16,17,29,,52,
KH,Cambodia,KH,KN.B3,Internet Population,numbers,units,Million,,,,,4,4,6,,6,
KH,Cambodia,KH,KN.B2,Population,numbers,units,Million,,,,,16,16,16,,16,
KH,Cambodia,KH,KN.B1,Rank,1 = top game revenue country,units,1 = Highest total revenue,,,,,98,98,91,,74,
BG,Bulgaria,BG,KN.B4,Total Revenues,U.S. dollars,units,Million U.S. dollars,44.939,45.833,53.088,52.678693,53,56,62,,52,
BG,Bulgaria,BG,KN.B3,Internet Population,numbers,units,Million,4.478,4.282,4.502,4.501979,5,5,5,,5,
BG,Bulgaria,BG,KN.B2,Population,numbers,units,Million,7.098,7.098,7.046,7.045259,7,7,7,,7,
BG,Bulgaria,BG,KN.B1,Rank,1 = top game revenue country,units,1 = Highest total revenue,68,71,71,71,71,70,72,,76,
BN,Brunei Darussalam,BN,KN.B4,Total Revenues,U.S. dollars,units,Million U.S. dollars,,,20.839,20.838217,21,20,24,,,
BN,Brunei Darussalam,BN,KN.B3,Internet Population,numbers,units,Million,,,0.336,0.335042,,0,,,,
BN,Brunei Darussalam,BN,KN.B2,Population,numbers,units,Million,,,0.435,0.434448,,0,,,,
BN,Brunei Darussalam,BN,KN.B1,Rank,1 = top game revenue country,units,1 = Highest total revenue,,,98,98,96,96,96,,,
BR,Brazil,BR,KN.B4,Total Revenues,U.S. dollars,units,Million U.S. dollars,1274.797,1439.364,1334.205,1334.204103,1334,1324,1484,,1452,
BR,Brazil,BR,KN.B3,Internet Population,numbers,units,Million,136.399,131.381,139.813,139.81276,140,139,142,,142,
BR,Brazil,BR,KN.B2,Population,numbers,units,Million,209.568,209.568,211.244,211.24322,211,209,211,,211,
BR,Brazil,BR,KN.B1,Rank,1 = top game revenue country,units,1 = Highest total revenue,12,11,13,13,13,13,13,,13,
BA,Bosnia and Herzegovina,BA,KN.B4,Total Revenues,U.S. dollars,units,Million U.S. dollars,21.19,22.624,27.924,27.738461,28,26,24,,25,
BA,Bosnia and Herzegovina,BA,KN.B3,Internet Population,numbers,units,Million,2.588,2.603,2.719,2.718923,3,3,2,,2,
BA,Bosnia and Herzegovina,BA,KN.B2,Population,numbers,units,Million,3.802,3.803,3.793,3.792759,4,4,4,,4,
BA,Bosnia and Herzegovina,BA,KN.B1,Rank,1 = top game revenue country,units,1 = Highest total revenue,90,90,91,91,90,92,95,,92,
BO,Bolivia (Plurinational State of),BO,KN.B4,Total Revenues,U.S. dollars,units,Million U.S. dollars,28.329,26.762,35.514,35.51307,36,36,36,,26,
BO,Bolivia (Plurinational State of),BO,KN.B3,Internet Population,numbers,units,Million,5.066,5.314,5.807,5.806288,6,6,5,,5,
BO,Bolivia (Plurinational State of),BO,KN.B2,Population,numbers,units,Million,10.888,10.889,11.053,11.052864,11,11,11,,11,
BO,Bolivia (Plurinational State of),BO,KN.B1,Rank,1 = top game revenue country,units,1 = Highest total revenue,80,82,79,79,79,80,86,,91,
BE,Belgium,BE,KN.B4,Total Revenues,U.S. dollars,units,Million U.S. dollars,299.735,306.419,331.915,331.914742,332,332,353,,378,
BE,Belgium,BE,KN.B3,Internet Population,numbers,units,Million,10.092,9.889,10.145,10.144636,10,10,10,,10,
BE,Belgium,BE,KN.B2,Population,numbers,units,Million,11.372,11.372,11.444,11.44383,11,11,11,,11,
BE,Belgium,BE,KN.B1,Rank,1 = top game revenue country,units,1 = Highest total revenue,28,29,31,31,31,31,32,,33,
BY,Belarus,BY,KN.B4,Total Revenues,U.S. dollars,units,Million U.S. dollars,60.283,61.843,69.591,69.075288,69,73,86,,69,
BY,Belarus,BY,KN.B3,Internet Population,numbers,units,Million,6.297,6.234,6.537,6.536478,7,7,7,,7,
BY,Belarus,BY,KN.B2,Population,numbers,units,Million,9.482,9.482,9.459,9.458535,9,9,9,,9,
BY,Belarus,BY,KN.B1,Rank,1 = top game revenue country,units,1 = Highest total revenue,64,62,69,69,69,66,66,,67,
BH,Bahrain,BH,KN.B4,Total Revenues,U.S. dollars,units,Million U.S. dollars,28.106,26.929,32.93,33.116721,33,35,42,,43,
BH,Bahrain,BH,KN.B3,Internet Population,numbers,units,Million,1.304,1.319,1.351,1.350509,1,1,2,,2,
BH,Bahrain,BH,KN.B2,Population,numbers,units,Million,1.397,1.397,1.419,1.418895,1,1,2,,2,
BH,Bahrain,BH,KN.B1,Rank,1 = top game revenue country,units,1 = Highest total revenue,82,81,81,81,81,81,82,,81,
BD,Bangladesh,BD,KN.B4,Total Revenues,U.S. dollars,units,Million U.S. dollars,40.667,50.859,77.153,77.152007,77,77,150,,108,
BD,Bangladesh,BD,KN.B3,Internet Population,numbers,units,Million,20.31,26.46,30.121,30.120541,30,30,38,,38,
BD,Bangladesh,BD,KN.B2,Population,numbers,units,Million,162.911,162.911,164.828,164.827718,165,165,166,,166,
BD,Bangladesh,BD,KN.B1,Rank,1 = top game revenue country,units,1 = Highest total revenue,71,68,63,63,63,63,53,,55,
AZ,Azerbaijan,AZ,KN.B4,Total Revenues,U.S. dollars,units,Million U.S. dollars,52.084,57.67,81.716,81.982741,82,77,88,,85,
AZ,Azerbaijan,AZ,KN.B3,Internet Population,numbers,units,Million,6.736,7.86,8.186,8.185197,8,8,8,,8,
AZ,Azerbaijan,AZ,KN.B2,Population,numbers,units,Million,9.868,9.869,9.974,9.973697,10,10,10,,10,
AZ,Azerbaijan,AZ,KN.B1,Rank,1 = top game revenue country,units,1 = Highest total revenue,65,64,60,60,60,64,65,,61,
AT,Austria,AT,KN.B4,Total Revenues,U.S. dollars,units,Million U.S. dollars,326.598,335.053,350.976,350.975708,351,355,366,,378,
AT,Austria,AT,KN.B3,Internet Population,numbers,units,Million,7.331,7.365,7.54,7.539552,8,8,8,,8,
AT,Austria,AT,KN.B2,Population,numbers,units,Million,8.57,8.57,8.593,8.5924,9,9,9,,9,
AT,Austria,AT,KN.B1,Rank,1 = top game revenue country,units,1 = Highest total revenue,27,27,30,30,30,29,31,,32,
KN.L2322,Armenia,AM,KN.B4,Total Revenues,U.S. dollars,units,Million U.S. dollars,,,,,,,,,24,
KN.L2322,Armenia,AM,KN.B3,Internet Population,numbers,units,Million,,,,,,,,,2,
KN.L2322,Armenia,AM,KN.B2,Population,numbers,units,Million,,,,,,,,,3,
KN.L2322,Armenia,AM,KN.B1,Rank,1 = top game revenue country,units,1 = Highest total revenue,,,,,,,,,95,
AR,Argentina,AR,KN.B4,Total Revenues,U.S. dollars,units,Million U.S. dollars,409.33,350.966,423.405,423.404851,423,420,456,,448,
AR,Argentina,AR,KN.B3,Internet Population,numbers,units,Million,31.405,31.822,33.447,33.446392,33,33,34,,34,
AR,Argentina,AR,KN.B2,Population,numbers,units,Million,43.847,43.848,44.273,44.272125,44,44,45,,45,
AR,Argentina,AR,KN.B1,Rank,1 = top game revenue country,units,1 = Highest total revenue,24,26,25,25,25,25,27,,30,
AO,Angola,AO,KN.B4,Total Revenues,U.S. dollars,units,Million U.S. dollars,16.027,,,,,,,,22,
AO,Angola,AO,KN.B3,Internet Population,numbers,units,Million,6.894,,,,,,,,5,
AO,Angola,AO,KN.B2,Population,numbers,units,Million,25.831,,,,,,,,31,
AO,Angola,AO,KN.B1,Rank,1 = top game revenue country,units,1 = Highest total revenue,96,,,,,,,,99,
DZ,Algeria,DZ,KN.B4,Total Revenues,U.S. dollars,units,Million U.S. dollars,48.377,93.685,102.281,102.621653,103,104,138,,107,
DZ,Algeria,DZ,KN.B3,Internet Population,numbers,units,Million,9.254,16.848,18.627,18.626404,19,19,21,,21,
DZ,Algeria,DZ,KN.B2,Population,numbers,units,Million,40.376,40.376,41.064,41.063753,41,41,42,,42,
DZ,Algeria,DZ,KN.B1,Rank,1 = top game revenue country,units,1 = Highest total revenue,67,55,57,57,57,57,56,,56,
AL,Albania,AL,KN.B4,Total Revenues,U.S. dollars,units,Million U.S. dollars,16.52,17.487,21.712,21.565032,22,23,25,,22,
AL,Albania,AL,KN.B3,Internet Population,numbers,units,Million,1.958,1.938,2.04,2.03924,2,2,2,,2,
AL,Albania,AL,KN.B2,Population,numbers,units,Million,2.904,2.904,2.912,2.911428,3,3,3,,3,
AL,Albania,AL,KN.B1,Rank,1 = top game revenue country,units,1 = Highest total revenue,95,95,96,96,94,94,94,,98,
EC,Ecuador,EC,KN.B4,Total Revenues,U.S. dollars,units,Million U.S. dollars,63.927,56.846,71.362,71.361698,71,73,89,,75,
EC,Ecuador,EC,KN.B3,Internet Population,numbers,units,Million,8.305,8.631,9.377,9.376618,9,9,10,,10,
EC,Ecuador,EC,KN.B2,Population,numbers,units,Million,16.385,16.386,16.626,16.625776,17,17,17,,17,
EC,Ecuador,EC,KN.B1,Rank,1 = top game revenue country,units,1 = Highest total revenue,60,65,67,67,67,67,64,,65,
EG,Egypt,EG,KN.B4,Total Revenues,U.S. dollars,units,Million U.S. dollars,159.608,169.532,192.559,193.061457,193,205,287,,293,
EG,Egypt,EG,KN.B3,Internet Population,numbers,units,Million,36.055,36.736,40.851,40.85027,41,42,48,,48,
EG,Egypt,EG,KN.B2,Population,numbers,units,Million,93.384,93.384,95.216,95.215102,95,98,99,,99,
EG,Egypt,EG,KN.B1,Rank,1 = top game revenue country,units,1 = Highest total revenue,44,43,42,42,42,41,37,,40,
SV,El Salvador,SV,KN.B4,Total Revenues,U.S. dollars,units,Million U.S. dollars,13.844,,,,,,,,,
SV,El Salvador,SV,KN.B3,Internet Population,numbers,units,Million,2.236,,,,,,,,,
SV,El Salvador,SV,KN.B2,Population,numbers,units,Million,6.146,,,,,,,,,
SV,El Salvador,SV,KN.B1,Rank,1 = top game revenue country,units,1 = Highest total revenue,100,,,,,,,,,
EE,Estonia,EE,KN.B4,Total Revenues,U.S. dollars,units,Million U.S. dollars,18.209,18.978,21.645,21.465981,21,22,24,,24,
EE,Estonia,EE,KN.B3,Internet Population,numbers,units,Million,1.154,1.178,1.193,1.192022,1,1,1,,1,
EE,Estonia,EE,KN.B2,Population,numbers,units,Million,1.309,1.31,1.306,1.305755,1,1,1,,1,
EE,Estonia,EE,KN.B1,Rank,1 = top game revenue country,units,1 = Highest total revenue,94,94,97,97,95,95,97,,93,
KN.L2242,Ethiopia,ET,KN.B4,Total Revenues,U.S. dollars,units,Million U.S. dollars,,,,,,,24,,26,
KN.L2242,Ethiopia,ET,KN.B3,Internet Population,numbers,units,Million,,,,,,,21,,21,
KN.L2242,Ethiopia,ET,KN.B2,Population,numbers,units,Million,,,,,,,108,,108,
KN.L2242,Ethiopia,ET,KN.B1,Rank,1 = top game revenue country,units,1 = Highest total revenue,,,,,,,98,,90,
FI,Finland,FI,KN.B4,Total Revenues,U.S. dollars,units,Million U.S. dollars,216.162,215.244,224.719,224.718645,225,224,224,,253,
FI,Finland,FI,KN.B3,Internet Population,numbers,units,Million,5.216,5.175,5.24,5.239527,5,5,5,,5,
FI,Finland,FI,KN.B2,Population,numbers,units,Million,5.524,5.524,5.542,5.541274,6,6,6,,6,
FI,Finland,FI,KN.B1,Rank,1 = top game revenue country,units,1 = Highest total revenue,38,38,40,40,40,40,41,,41,
KN.L2332,Georgia,GE,KN.B4,Total Revenues,U.S. dollars,units,Million U.S. dollars,,,,,,,,,20,
KN.L2332,Georgia,GE,KN.B3,Internet Population,numbers,units,Million,,,,,,,,,3,
KN.L2332,Georgia,GE,KN.B2,Population,numbers,units,Million,,,,,,,,,4,
KN.L2332,Georgia,GE,KN.B1,Rank,1 = top game revenue country,units,1 = Highest total revenue,,,,,,,,,100,
KN.L2232,Ghana,GH,KN.B4,Total Revenues,U.S. dollars,units,Million U.S. dollars,,,,,,,25,,23,
KN.L2232,Ghana,GH,KN.B3,Internet Population,numbers,units,Million,,,,,,,12,,12,
KN.L2232,Ghana,GH,KN.B2,Population,numbers,units,Million,,,,,,,29,,29,
KN.L2232,Ghana,GH,KN.B1,Rank,1 = top game revenue country,units,1 = Highest total revenue,,,,,,,93,,97,
GR,Greece,GR,KN.B4,Total Revenues,U.S. dollars,units,Million U.S. dollars,108.422,111.862,135.958,134.853549,135,142,154,,171,
GR,Greece,GR,KN.B3,Internet Population,numbers,units,Million,7.674,7.66,7.982,7.981815,8,8,8,,8,
GR,Greece,GR,KN.B2,Population,numbers,units,Million,10.919,10.92,10.893,10.892931,11,11,11,,11,
GR,Greece,GR,KN.B1,Rank,1 = top game revenue country,units,1 = Highest total revenue,52,50,50,50,50,50,52,,48,
GT,Guatemala,GT,KN.B4,Total Revenues,U.S. dollars,units,Million U.S. dollars,28.263,27.005,31.456,31.455554,31,31,45,,42,
GT,Guatemala,GT,KN.B3,Internet Population,numbers,units,Million,4.868,5.011,5.645,5.644466,6,6,7,,7,
GT,Guatemala,GT,KN.B2,Population,numbers,units,Million,16.673,16.673,17.006,17.005497,17,17,17,,17,
GT,Guatemala,GT,KN.B1,Rank,1 = top game revenue country,units,1 = Highest total revenue,81,80,84,84,84,85,80,,82,
HU,Hungary,HU,KN.B4,Total Revenues,U.S. dollars,units,Million U.S. dollars,100.946,97.43,109.697,108.800301,109,114,129,,119,
HU,Hungary,HU,KN.B3,Internet Population,numbers,units,Million,8.008,7.444,7.687,7.686632,8,8,8,,8,
HU,Hungary,HU,KN.B2,Population,numbers,units,Million,9.821,9.822,9.788,9.787905,10,10,10,,10,
HU,Hungary,HU,KN.B1,Rank,1 = top game revenue country,units,1 = Highest total revenue,53,53,56,56,56,56,57,,54,
IS,Iceland,IS,KN.B4,Total Revenues,U.S. dollars,units,Million U.S. dollars,14.631,14.851,14.662,,16,16,,,,
IS,Iceland,IS,KN.B3,Internet Population,numbers,units,Million,0.327,0.327,0.327,,,0,,,,
IS,Iceland,IS,KN.B2,Population,numbers,units,Million,0.332,0.332,0.332,,,0,,,,
IS,Iceland,IS,KN.B1,Rank,1 = top game revenue country,units,1 = Highest total revenue,99,99,100,,99,99,,,,
IN,India,IN,KN.B4,Total Revenues,U.S. dollars,units,Million U.S. dollars,469.702,523.727,817.819,817.818689,818,819,1169,,1105,
IN,India,IN,KN.B3,Internet Population,numbers,units,Million,302.675,383.107,428.835,428.834817,429,428,481,,481,
IN,India,IN,KN.B2,Population,numbers,units,Million,1326.802,1326.802,1342.513,1342.512706,1343,1339,1354,,1354,
IN,India,IN,KN.B1,Rank,1 = top game revenue country,units,1 = Highest total revenue,22,19,17,17,17,17,16,,16,
ID,Indonesia,ID,KN.B4,Total Revenues,U.S. dollars,units,Million U.S. dollars,704.38,598.074,879.74,879.739429,880,882,1130,,1084,
ID,Indonesia,ID,KN.B3,Internet Population,numbers,units,Million,56.746,63.941,71.95,71.94926,72,72,82,,82,
ID,Indonesia,ID,KN.B2,Population,numbers,units,Million,260.581,260.582,263.511,263.510146,264,264,267,,267,
ID,Indonesia,ID,KN.B1,Rank,1 = top game revenue country,units,1 = Highest total revenue,17,17,16,16,16,16,17,,17,
IR,Iran (Islamic Republic of),IR,KN.B4,Total Revenues,U.S. dollars,units,Million U.S. dollars,270.232,286.585,431.917,433.393379,433,424,602,,487,
IR,Iran (Islamic Republic of),IR,KN.B3,Internet Population,numbers,units,Million,37.521,38.234,41.682,41.681466,42,42,49,,49,
IR,Iran (Islamic Republic of),IR,KN.B2,Population,numbers,units,Million,80.043,80.044,80.946,80.945718,81,81,82,,82,
IR,Iran (Islamic Republic of),IR,KN.B1,Rank,1 = top game revenue country,units,1 = Highest total revenue,32,31,24,24,24,24,23,,26,
IQ,Iraq,IQ,KN.B4,Total Revenues,U.S. dollars,units,Million U.S. dollars,33.559,49.975,77.729,77.957914,78,79,108,,105,
IQ,Iraq,IQ,KN.B3,Internet Population,numbers,units,Million,5.483,7.266,8.381,8.380685,8,8,10,,10,
IQ,Iraq,IQ,KN.B2,Population,numbers,units,Million,37.548,37.548,38.655,38.654287,39,38,39,,39,
IQ,Iraq,IQ,KN.B1,Rank,1 = top game revenue country,units,1 = Highest total revenue,76,69,62,62,62,62,59,,57,
IE,Ireland,IE,KN.B4,Total Revenues,U.S. dollars,units,Million U.S. dollars,196.524,201.208,243.618,243.617655,244,242,266,,205,
IE,Ireland,IE,KN.B3,Internet Population,numbers,units,Million,3.983,3.89,4.021,4.020566,4,4,4,,4,
IE,Ireland,IE,KN.B2,Population,numbers,units,Million,4.714,4.714,4.75,4.749153,5,5,5,,5,
IE,Ireland,IE,KN.B1,Rank,1 = top game revenue country,units,1 = Highest total revenue,40,39,39,39,39,39,40,,45,
IL,Israel,IL,KN.B4,Total Revenues,U.S. dollars,units,Million U.S. dollars,90.368,93.216,123.56,124.184827,124,123,142,,402,
IL,Israel,IL,KN.B3,Internet Population,numbers,units,Million,6.355,6.667,6.962,6.961407,7,7,7,,7,
IL,Israel,IL,KN.B2,Population,numbers,units,Million,8.192,8.193,8.324,8.323248,8,8,8,,8,
IL,Israel,IL,KN.B1,Rank,1 = top game revenue country,units,1 = Highest total revenue,55,56,53,53,53,53,55,,31,
IT,Italy,IT,KN.B4,Total Revenues,U.S. dollars,units,U.S. dollars,1742.124,1720.898,1874.608,1874.607316,1875,1881,2017,2547,2168,2689
IT,Italy,IT,KN.B3,Internet Population,numbers,units,numbers,41.344,41.23,43.141,43.140153,43,43,40,42,40,42
IT,Italy,IT,KN.B2,Population,numbers,units,millions,59.801,59.802,59.798,59.797978,60,59,59,59.2,59,59
IT,Italy,IT,KN.B1,Rank,1 = top game revenue country,units,1 = Highest total revenue,10,10,10,10,10,10,10,10,10,10
JO,Jordan,JO,KN.B4,Total Revenues,U.S. dollars,units,Million U.S. dollars,20.771,23.52,33.961,34.014907,34,44,57,,66,
JO,Jordan,JO,KN.B3,Internet Population,numbers,units,Million,4.007,4.426,4.788,4.787227,5,6,7,,7,
JO,Jordan,JO,KN.B2,Population,numbers,units,Million,7.748,7.748,7.877,7.876703,8,10,10,,10,
JO,Jordan,JO,KN.B1,Rank,1 = top game revenue country,units,1 = Highest total revenue,91,88,80,80,80,78,75,,69,
KZ,Kazakhstan,KZ,KN.B4,Total Revenues,U.S. dollars,units,Million U.S. dollars,111.927,144.776,174.971,173.567889,174,164,179,,207,
KZ,Kazakhstan,KZ,KN.B3,Internet Population,numbers,units,Million,11.162,13.538,14.192,14.191243,14,14,15,,15,
KZ,Kazakhstan,KZ,KN.B2,Population,numbers,units,Million,17.855,17.856,18.065,18.06447,18,18,18,,18,
KZ,Kazakhstan,KZ,KN.B1,Rank,1 = top game revenue country,units,1 = Highest total revenue,51,45,45,46,46,46,47,,44,
KE,Kenya,KE,KN.B4,Total Revenues,U.S. dollars,units,Million U.S. dollars,29.557,29.336,27.362,27.502123,28,30,26,,23,
KE,Kenya,KE,KN.B3,Internet Population,numbers,units,Million,24.145,23.309,25.719,25.71825,26,26,16,,16,
KE,Kenya,KE,KN.B2,Population,numbers,units,Million,47.251,47.252,48.467,48.466928,48,50,51,,51,
KE,Kenya,KE,KN.B1,Rank,1 = top game revenue country,units,1 = Highest total revenue,78,78,92,92,91,87,92,,96,
KW,Kuwait,KW,KN.B4,Total Revenues,U.S. dollars,units,Million U.S. dollars,97.42,95.506,119.183,119.914721,120,117,126,,105,
KW,Kuwait,KW,KN.B3,Internet Population,numbers,units,Million,3.353,3.378,3.537,3.536454,4,4,3,,3,
KW,Kuwait,KW,KN.B2,Population,numbers,units,Million,4.007,4.008,4.1,4.099932,4,4,4,,4,
KW,Kuwait,KW,KN.B1,Rank,1 = top game revenue country,units,1 = Highest total revenue,54,54,54,54,54,55,58,,58,
LB,Lebanon,LB,KN.B4,Total Revenues,U.S. dollars,units,Million U.S. dollars,37.973,35.482,49.91,50.080894,50,50,58,,102,
LB,Lebanon,LB,KN.B3,Internet Population,numbers,units,Million,4.811,4.604,4.804,4.803063,5,5,5,,5,
LB,Lebanon,LB,KN.B2,Population,numbers,units,Million,5.988,5.989,6.04,6.039277,6,6,6,,6,
LB,Lebanon,LB,KN.B1,Rank,1 = top game revenue country,units,1 = Highest total revenue,74,75,72,72,72,73,74,,59,
LV,Latvia,LV,KN.B4,Total Revenues,U.S. dollars,units,Million U.S. dollars,22.498,23.457,27.199,26.979134,27,28,30,,33,
LV,Latvia,LV,KN.B3,Internet Population,numbers,units,Million,1.59,1.598,1.632,1.631471,2,2,2,,2,
LV,Latvia,LV,KN.B2,Population,numbers,units,Million,1.956,1.956,1.945,1.944565,2,2,2,,2,
LV,Latvia,LV,KN.B1,Rank,1 = top game revenue country,units,1 = Highest total revenue,89,89,93,93,92,91,90,,86,
LT,Lithuania,LT,KN.B4,Total Revenues,U.S. dollars,units,Million U.S. dollars,34.618,34.335,40.479,40.143076,40,43,47,,52,
LT,Lithuania,LT,KN.B3,Internet Population,numbers,units,Million,2.227,2.122,2.188,2.187291,2,2,2,,2,
LT,Lithuania,LT,KN.B2,Population,numbers,units,Million,2.85,2.851,2.831,2.830582,3,3,3,,3,
LT,Lithuania,LT,KN.B1,Rank,1 = top game revenue country,units,1 = Highest total revenue,75,77,78,78,78,79,79,,75,
LU,Luxembourg,LU,KN.B4,Total Revenues,U.S. dollars,units,Million U.S. dollars,42.241,43.715,45.813,45.812002,46,46,49,,34,
LU,Luxembourg,LU,KN.B3,Internet Population,numbers,units,Million,0.554,0.564,0.573,0.572739,1,1,1,,1,
LU,Luxembourg,LU,KN.B2,Population,numbers,units,Million,0.576,0.577,0.585,0.584103,1,1,1,,1,
LU,Luxembourg,LU,KN.B1,Rank,1 = top game revenue country,units,1 = Highest total revenue,69,72,75,75,75,75,78,,84,
MO,"Macao, China",MO,KN.B4,Total Revenues,U.S. dollars,units,Million U.S. dollars,24.181,20.239,32.024,32.023388,32,33,1,,24,
MO,"Macao, China",MO,KN.B3,Internet Population,numbers,units,Million,0.455,0.479,0.501,0.50069,1,1,1,,1,
MO,"Macao, China",MO,KN.B2,Population,numbers,units,Million,0.597,0.598,0.607,0.606384,1,1,,,1,
MO,"Macao, China",MO,KN.B1,Rank,1 = top game revenue country,units,1 = Highest total revenue,87,91,82,82,82,82,73,,94,
MY,Malaysia,MY,KN.B4,Total Revenues,U.S. dollars,units,Million U.S. dollars,539.473,508.833,586.682,586.681749,587,589,654,,633,
MY,Malaysia,MY,KN.B3,Internet Population,numbers,units,Million,22.793,22.799,23.997,23.996681,24,24,27,,27,
MY,Malaysia,MY,KN.B2,Population,numbers,units,Million,30.752,30.752,31.165,31.164177,31,31,32,,32,
MY,Malaysia,MY,KN.B1,Rank,1 = top game revenue country,units,1 = Highest total revenue,18,21,21,21,21,21,21,,21,
MX,Mexico,MX,KN.B4,Total Revenues,U.S. dollars,units,Million U.S. dollars,1125.792,1217.967,1427.974,1427.973647,1428,1418,1606,,1577,
MX,Mexico,MX,KN.B3,Internet Population,numbers,units,Million,67.035,78.573,84.17,84.169534,84,83,86,,86,
MX,Mexico,MX,KN.B2,Population,numbers,units,Million,128.632,128.633,130.223,130.222815,130,129,131,,131,
MX,Mexico,MX,KN.B1,Rank,1 = top game revenue country,units,1 = Highest total revenue,14,13,12,12,12,12,12,,12,
MA,Morocco,MA,KN.B4,Total Revenues,U.S. dollars,units,Million U.S. dollars,74.538,70.169,83.53,83.628363,84,86,106,,129,
MA,Morocco,MA,KN.B3,Internet Population,numbers,units,Million,22.398,21.148,22.662,22.661211,23,23,24,,24,
MA,Morocco,MA,KN.B2,Population,numbers,units,Million,34.817,34.818,35.242,35.241418,35,36,36,,36,
MA,Morocco,MA,KN.B1,Rank,1 = top game revenue country,units,1 = Highest total revenue,57,58,59,59,59,59,61,,52,
MM,Myanmar,MM,KN.B4,Total Revenues,U.S. dollars,units,Million U.S. dollars,,48.196,89.93,89.929745,90,90,108,,76,
MM,Myanmar,MM,KN.B3,Internet Population,numbers,units,Million,,13.236,14.86,14.859995,15,14,16,,16,
MM,Myanmar,MM,KN.B2,Population,numbers,units,Million,,54.364,54.837,54.836483,55,53,54,,54,
MM,Myanmar,MM,KN.B1,Rank,1 = top game revenue country,units,1 = Highest total revenue,,70,58,58,58,58,60,,64,
NL,Netherlands,NL,KN.B4,Total Revenues,U.S. dollars,units,Million U.S. dollars,521.342,524.077,567.372,567.372,567,570,608,,646,
NL,Netherlands,NL,KN.B3,Internet Population,numbers,units,Million,16.133,15.971,16.163,16.16278,16,16,16,,16,
NL,Netherlands,NL,KN.B2,Population,numbers,units,Million,16.98,16.98,17.033,17.032845,17,17,17,,17,
NL,Netherlands,NL,KN.B1,Rank,1 = top game revenue country,units,1 = Highest total revenue,19,18,22,22,22,22,22,,20,
NZ,New Zealand,NZ,KN.B4,Total Revenues,U.S. dollars,units,Million U.S. dollars,62.11,62.21,70.94,70.939475,71,72,77,,77,
NZ,New Zealand,NZ,KN.B3,Internet Population,numbers,units,Million,4.069,4.099,4.198,4.197182,4,4,4,,4,
NZ,New Zealand,NZ,KN.B2,Population,numbers,units,Million,4.565,4.566,4.605,4.604871,5,5,5,,5,
NZ,New Zealand,NZ,KN.B1,Rank,1 = top game revenue country,units,1 = Highest total revenue,63,61,68,68,68,69,69,,63,
NG,Nigeria,NG,KN.B4,Total Revenues,U.S. dollars,units,Million U.S. dollars,182.29,186.173,172.971,173.852167,174,168,150,,122,
NG,Nigeria,NG,KN.B3,Internet Population,numbers,units,Million,94.158,95.678,105.32,105.319351,105,105,61,,61,
NG,Nigeria,NG,KN.B2,Population,numbers,units,Million,186.988,186.988,191.836,191.835936,192,191,196,,196,
NG,Nigeria,NG,KN.B1,Rank,1 = top game revenue country,units,1 = Highest total revenue,43,40,46,45,45,45,54,,53,
NO,Norway,NO,KN.B4,Total Revenues,U.S. dollars,units,Million U.S. dollars,297.85,298.517,309.618,309.617607,310,306,317,,346,
NO,Norway,NO,KN.B3,Internet Population,numbers,units,Million,5.131,5.129,5.207,5.206493,5,5,5,,5,
NO,Norway,NO,KN.B2,Population,numbers,units,Million,5.272,5.272,5.331,5.3308,5,5,5,,5,
NO,Norway,NO,KN.B1,Rank,1 = top game revenue country,units,1 = Highest total revenue,29,30,33,33,33,33,35,,34,
OM,Oman,OM,KN.B4,Total Revenues,U.S. dollars,units,Million U.S. dollars,65.181,64.555,80.945,81.386051,81,81,89,,57,
OM,Oman,OM,KN.B3,Internet Population,numbers,units,Million,3.561,3.586,3.778,3.777827,4,4,4,,4,
OM,Oman,OM,KN.B2,Population,numbers,units,Million,4.654,4.655,4.742,4.741305,5,5,5,,5,
OM,Oman,OM,KN.B1,Rank,1 = top game revenue country,units,1 = Highest total revenue,59,60,61,61,61,60,63,,72,
PK,Pakistan,PK,KN.B4,Total Revenues,U.S. dollars,units,Million U.S. dollars,83.416,89.702,133.493,133.492477,133,134,179,,131,
PK,Pakistan,PK,KN.B3,Internet Population,numbers,units,Million,34.138,38.961,44.492,44.491518,44,45,39,,39,
PK,Pakistan,PK,KN.B2,Population,numbers,units,Million,192.827,192.827,196.745,196.744376,197,197,201,,201,
PK,Pakistan,PK,KN.B1,Rank,1 = top game revenue country,units,1 = Highest total revenue,56,57,51,51,51,52,48,,51,
PA,Panama,PA,KN.B4,Total Revenues,U.S. dollars,units,Million U.S. dollars,24.767,23.787,28.109,28.108864,28,29,35,,27,
PA,Panama,PA,KN.B3,Internet Population,numbers,units,Million,2.101,2.193,2.376,2.375544,2,2,3,,3,
PA,Panama,PA,KN.B2,Population,numbers,units,Million,3.99,3.991,4.052,4.051284,4,4,4,,4,
PA,Panama,PA,KN.B1,Rank,1 = top game revenue country,units,1 = Highest total revenue,86,87,90,90,89,90,88,,88,
PY,Paraguay,PY,KN.B4,Total Revenues,U.S. dollars,units,Million U.S. dollars,22.522,19.074,25.18,25.179546,25,25,32,,27,
PY,Paraguay,PY,KN.B3,Internet Population,numbers,units,Million,3.409,3.233,3.529,3.528323,4,4,4,,4,
PY,Paraguay,PY,KN.B2,Population,numbers,units,Million,6.725,6.726,6.812,6.811583,7,7,7,,7,
PY,Paraguay,PY,KN.B1,Rank,1 = top game revenue country,units,1 = Highest total revenue,88,93,94,94,93,93,89,,89,
PE,Peru,PE,KN.B4,Total Revenues,U.S. dollars,units,Million U.S. dollars,122.706,103.344,138.305,138.304163,138,138,169,,152,
PE,Peru,PE,KN.B3,Internet Population,numbers,units,Million,15.179,14.144,15.505,15.50465,16,16,17,,17,
PE,Peru,PE,KN.B2,Population,numbers,units,Million,31.774,31.775,32.167,32.166473,32,32,33,,33,
PE,Peru,PE,KN.B1,Rank,1 = top game revenue country,units,1 = Highest total revenue,48,52,49,49,49,51,49,,50,
PH,Philippines,PH,KN.B4,Total Revenues,U.S. dollars,units,Million U.S. dollars,258.163,260.225,354.232,354.231247,354,355,478,,461,
PH,Philippines,PH,KN.B3,Internet Population,numbers,units,Million,48.298,45.303,49.815,49.814531,50,50,66,,66,
PH,Philippines,PH,KN.B2,Population,numbers,units,Million,102.25,102.251,103.797,103.796832,104,105,107,,107,
PH,Philippines,PH,KN.B1,Rank,1 = top game revenue country,units,1 = Highest total revenue,34,33,29,29,29,30,26,,29,
PL,Poland,PL,KN.B4,Total Revenues,U.S. dollars,units,Million U.S. dollars,439.25,431.15,489.208,489.207838,489,504,546,,541,
PL,Poland,PL,KN.B3,Internet Population,numbers,units,Million,28.298,27.497,28.657,28.656048,29,28,30,,30,
PL,Poland,PL,KN.B2,Population,numbers,units,Million,38.593,38.594,38.564,38.563573,39,38,38,,38,
PL,Poland,PL,KN.B1,Rank,1 = top game revenue country,units,1 = Highest total revenue,23,23,23,23,23,23,24,,23,
PT,Portugal,PT,KN.B4,Total Revenues,U.S. dollars,units,Million U.S. dollars,233.444,243.699,267.278,267.277533,267,270,283,,297,
PT,Portugal,PT,KN.B3,Internet Population,numbers,units,Million,7.37,7.404,7.686,7.685355,8,8,8,,8,
PT,Portugal,PT,KN.B2,Population,numbers,units,Million,10.304,10.305,10.265,10.264797,10,10,10,,10,
PT,Portugal,PT,KN.B1,Rank,1 = top game revenue country,units,1 = Highest total revenue,37,35,36,36,36,36,38,,39,
PR,Puerto Rico,PR,KN.B4,Total Revenues,U.S. dollars,units,Million U.S. dollars,69.74,55.922,45.205,45.204281,45,46,52,,67,
PR,Puerto Rico,PR,KN.B3,Internet Population,numbers,units,Million,3.082,3.015,3.095,3.094864,3,3,3,,3,
PR,Puerto Rico,PR,KN.B2,Population,numbers,units,Million,3.681,3.681,3.68,3.679086,4,4,4,,4,
PR,Puerto Rico,PR,KN.B1,Rank,1 = top game revenue country,units,1 = Highest total revenue,58,66,76,76,76,76,77,,68,
QA,Qatar,QA,KN.B4,Total Revenues,U.S. dollars,units,Million U.S. dollars,119.216,110.82,130.929,131.801146,132,144,164,,85,
QA,Qatar,QA,KN.B3,Internet Population,numbers,units,Million,2.148,2.151,2.215,2.214905,2,3,3,,3,
QA,Qatar,QA,KN.B2,Population,numbers,units,Million,2.291,2.292,2.339,2.338085,2,3,3,,3,
QA,Qatar,QA,KN.B1,Rank,1 = top game revenue country,units,1 = Highest total revenue,49,51,52,52,52,49,50,,60,
KN.L2142,Republic of Korea,KR,KN.B4,Total Revenues,U.S. dollars,units,Million U.S. dollars,,,,,,4203,5647,6194,5764,6194
KN.L2142,Republic of Korea,KR,KN.B3,Internet Population,numbers,units,numbers,,,,,,47,48,48.9,48,49
KN.L2142,Republic of Korea,KR,KN.B2,Population,numbers,units,millions,,,,,,51,51,51.3,51,51
KN.L2142,Republic of Korea,KR,KN.B1,Rank,1 = top game revenue country,units,1 = top game revenue country,,,,,,6,4,4,4,4
KN.L2252,Republic of Moldova,MD,KN.B4,Total Revenues,U.S. dollars,units,Million U.S. dollars,,,,,,,22,,,
KN.L2252,Republic of Moldova,MD,KN.B3,Internet Population,numbers,units,Million,,,,,,,3,,,
KN.L2252,Republic of Moldova,MD,KN.B2,Population,numbers,units,Million,,,,,,,4,,,
KN.L2252,Republic of Moldova,MD,KN.B1,Rank,1 = top game revenue country,units,1 = Highest total revenue,,,,,,,99,,,
RO,Romania,RO,KN.B4,Total Revenues,U.S. dollars,units,Million U.S. dollars,126.145,131.086,153.2,151.992107,152,163,184,,176,
RO,Romania,RO,KN.B3,Internet Population,numbers,units,Million,11.96,11.517,12.13,12.12929,12,12,13,,13,
RO,Romania,RO,KN.B2,Population,numbers,units,Million,19.373,19.373,19.238,19.237513,19,20,20,,20,
RO,Romania,RO,KN.B1,Rank,1 = top game revenue country,units,1 = Highest total revenue,47,47,47,47,47,47,46,,47,
RU,Russia,RU,KN.B4,Total Revenues,U.S. dollars,units,Million U.S. dollars,1414.383,1330.31,1485.205,1485.204562,1485,1531,,,,
RU,Russia,RU,KN.B3,Internet Population,numbers,units,Million,110.112,109.483,113.304,113.303242,113,114,,,,
RU,Russia,RU,KN.B2,Population,numbers,units,Million,143.44,143.44,143.376,143.375006,143,144,,,,
RU,Russia,RU,KN.B1,Rank,1 = top game revenue country,units,1 = Highest total revenue,11,12,11,11,11,11,,,,
KN.L2152,Russian Federation,RU,KN.B4,Total Revenues,U.S. dollars,units,Million U.S. dollars,,,,,,1531,1669,,1657,
KN.L2152,Russian Federation,RU,KN.B3,Internet Population,numbers,units,Million,,,,,,114,113,,113,
KN.L2152,Russian Federation,RU,KN.B2,Population,numbers,units,Million,,,,,,144,144,,144,
KN.L2152,Russian Federation,RU,KN.B1,Rank,1 = top game revenue country,units,1 = Highest total revenue,,,,,,11,11,,11,
SA,Saudi Arabia,SA,KN.B4,Total Revenues,U.S. dollars,units,Million U.S. dollars,501.793,506.245,647.424,651.175784,651,645,761,,577,
SA,Saudi Arabia,SA,KN.B3,Internet Population,numbers,units,Million,22.742,23.404,24.799,24.798088,25,25,26,,26,
SA,Saudi Arabia,SA,KN.B2,Population,numbers,units,Million,32.158,32.158,32.743,32.742664,33,33,34,,34,
SA,Saudi Arabia,SA,KN.B1,Rank,1 = top game revenue country,units,1 = Highest total revenue,21,22,19,19,19,19,19,,22,
RS,Serbia,RS,KN.B4,Total Revenues,U.S. dollars,units,Million U.S. dollars,50.037,59.725,73.283,72.764535,73,77,82,,74,
RS,Serbia,RS,KN.B3,Internet Population,numbers,units,Million,5.391,6.055,6.312,6.311848,6,6,6,,6,
RS,Serbia,RS,KN.B2,Population,numbers,units,Million,8.813,8.813,8.777,8.77694,9,9,9,,9,
RS,Serbia,RS,KN.B1,Rank,1 = top game revenue country,units,1 = Highest total revenue,66,63,65,65,65,65,67,,66,
SG,Singapore,SG,KN.B4,Total Revenues,U.S. dollars,units,Million U.S. dollars,294.097,316.268,317.618,317.617035,318,318,330,,319,
SG,Singapore,SG,KN.B3,Internet Population,numbers,units,Million,4.919,4.803,4.991,4.990655,5,5,5,,5,
SG,Singapore,SG,KN.B2,Population,numbers,units,Million,5.697,5.697,5.785,5.784538,6,6,6,,6,
SG,Singapore,SG,KN.B1,Rank,1 = top game revenue country,units,1 = Highest total revenue,30,28,32,32,32,32,34,,37,
SK,Slovakia,SK,KN.B4,Total Revenues,U.S. dollars,units,Million U.S. dollars,63.283,67.729,75.834,75.19799,75,79,81,,81,
SK,Slovakia,SK,KN.B3,Internet Population,numbers,units,Million,4.6,4.72,4.815,4.814011,5,5,5,,5,
SK,Slovakia,SK,KN.B2,Population,numbers,units,Million,5.429,5.43,5.433,5.432157,5,5,5,,5,
SK,Slovakia,SK,KN.B1,Rank,1 = top game revenue country,units,1 = Highest total revenue,61,59,64,64,64,61,68,,62,
SI,Slovenia,SI,KN.B4,Total Revenues,U.S. dollars,units,Million U.S. dollars,25.623,26.103,31.174,30.912982,31,32,35,,44,
SI,Slovenia,SI,KN.B3,Internet Population,numbers,units,Million,1.608,1.574,1.632,1.631293,2,2,2,,2,
SI,Slovenia,SI,KN.B2,Population,numbers,units,Million,2.069,2.07,2.072,2.071252,2,2,2,,2,
SI,Slovenia,SI,KN.B1,Rank,1 = top game revenue country,units,1 = Highest total revenue,85,84,85,85,85,83,87,,80,
ZA,South Africa,ZA,KN.B4,Total Revenues,U.S. dollars,units,Million U.S. dollars,117.622,112.194,118.4,119.541174,120,118,187,,216,
ZA,South Africa,ZA,KN.B3,Internet Population,numbers,units,Million,31.208,30.595,32.894,32.893688,33,34,35,,35,
ZA,South Africa,ZA,KN.B2,Population,numbers,units,Million,54.979,54.979,55.437,55.43636,55,57,57,,57,
ZA,South Africa,ZA,KN.B1,Rank,1 = top game revenue country,units,1 = Highest total revenue,50,49,55,55,55,54,45,,43,
KR,South Korea,KR,KN.B4,Total Revenues,U.S. dollars,units,Million U.S. dollars,4047.335,4052.258,4187.711,4187.710343,4188,4203,,,,
KR,South Korea,KR,KN.B3,Internet Population,numbers,units,Million,44.552,46.087,46.875,46.874568,47,47,,,,
KR,South Korea,KR,KN.B2,Population,numbers,units,Million,50.504,50.504,50.705,50.704971,51,51,,,,
KR,South Korea,KR,KN.B1,Rank,1 = top game revenue country,units,1 = Highest total revenue,4,5,6,6,6,6,,,,
ES,Spain,ES,KN.B4,Total Revenues,U.S. dollars,units,Million U.S. dollars,1812.006,1779.277,1913.05,1913.049387,1913,1918,2032,2583,2202,2735
ES,Spain,ES,KN.B3,Internet Population,numbers,units,numbers,37.585,37.403,38.458,38.45754,38,39,39,40.2,39,40
ES,Spain,ES,KN.B2,Population,numbers,units,numbers,46.065,46.065,46.071,46.070146,46,46,46,46.4,46,46
ES,Spain,ES,KN.B1,Rank,1 = top game revenue country,units,1 = Highest total revenue,8,9,9,9,9,9,9,9,9,9
LK,Sri Lanka,LK,KN.B4,Total Revenues,U.S. dollars,units,Million U.S. dollars,29.067,27.578,41.041,41.040286,41,44,73,,48,
LK,Sri Lanka,LK,KN.B3,Internet Population,numbers,units,Million,6.652,6.894,7.617,7.616869,8,8,8,,8,
LK,Sri Lanka,LK,KN.B2,Population,numbers,units,Million,20.811,20.811,20.906,20.905335,21,21,21,,21,
LK,Sri Lanka,LK,KN.B1,Rank,1 = top game revenue country,units,1 = Highest total revenue,79,79,77,77,77,77,70,,77,
PS,State of Palestine,PS,KN.B4,Total Revenues,U.S. dollars,units,Million U.S. dollars,15.684,15.732,24.634,24.684497,,,,,,
PS,State of Palestine,PS,KN.B3,Internet Population,numbers,units,Million,2.943,2.931,3.186,3.18504,,,,,,
PS,State of Palestine,PS,KN.B2,Population,numbers,units,Million,4.797,4.798,4.929,4.928225,,,,,,
PS,State of Palestine,PS,KN.B1,Rank,1 = top game revenue country,units,1 = Highest total revenue,97,97,95,95,,,,,,
SD,Sudan,SD,KN.B4,Total Revenues,U.S. dollars,units,Million U.S. dollars,19.766,19.855,18.065,18.15647,,,,,,
SD,Sudan,SD,KN.B3,Internet Population,numbers,units,Million,12.613,12.161,13.764,13.763964,,,,,,
SD,Sudan,SD,KN.B2,Population,numbers,units,Million,41.176,41.176,42.167,42.166323,,,,,,
SD,Sudan,SD,KN.B1,Rank,1 = top game revenue country,units,1 = Highest total revenue,92,92,100,100,,,,,,
SE,Sweden,SE,KN.B4,Total Revenues,U.S. dollars,units,Million U.S. dollars,372.661,385.643,411.709,411.708585,412,414,435,,463,
SE,Sweden,SE,KN.B3,Internet Population,numbers,units,Million,9.313,9.053,9.226,9.225761,9,9,9,,9,
SE,Sweden,SE,KN.B2,Population,numbers,units,Million,9.852,9.852,9.921,9.920624,10,10,10,,10,
SE,Sweden,SE,KN.B1,Rank,1 = top game revenue country,units,1 = Highest total revenue,26,25,27,27,27,26,28,,28,
CH,Switzerland,CH,KN.B4,Total Revenues,U.S. dollars,units,Million U.S. dollars,389.411,391.766,411.84,411.839674,412,411,429,,537,
CH,Switzerland,CH,KN.B3,Internet Population,numbers,units,Million,7.568,7.504,7.689,7.688906,8,8,8,,8,
CH,Switzerland,CH,KN.B2,Population,numbers,units,Million,8.379,8.38,8.455,8.454083,8,8,9,,9,
CH,Switzerland,CH,KN.B1,Rank,1 = top game revenue country,units,1 = Highest total revenue,25,24,26,26,26,27,29,,24,
SY,Syria,SY,KN.B4,Total Revenues,U.S. dollars,units,Million U.S. dollars,,,53.264,53.374107,53,51,,,,
SY,Syria,SY,KN.B3,Internet Population,numbers,units,Million,,,6.887,6.886859,7,7,,,,
SY,Syria,SY,KN.B2,Population,numbers,units,Million,,,18.907,18.906907,19,18,,,,
SY,Syria,SY,KN.B1,Rank,1 = top game revenue country,units,1 = Highest total revenue,,,70,70,70,71,,,,
KN.L2162,Syrian Arab Republic,SY,KN.B4,Total Revenues,U.S. dollars,units,Million U.S. dollars,,,,,,51,,,,
KN.L2162,Syrian Arab Republic,SY,KN.B3,Internet Population,numbers,units,Million,,,,,,7,,,,
KN.L2162,Syrian Arab Republic,SY,KN.B2,Population,numbers,units,Million,,,,,,18,,,,
KN.L2162,Syrian Arab Republic,SY,KN.B1,Rank,1 = top game revenue country,units,1 = Highest total revenue,,,,,,71,,,,
TW,Taiwan,TW,KN.B4,Total Revenues,U.S. dollars,units,Million U.S. dollars,987.826,968.805,1028.511,1028.510731,1029,1030,1268,,1231,
TW,Taiwan,TW,KN.B3,Internet Population,numbers,units,Million,21.112,21.055,21.29,21.289107,21,21,20,,20,
TW,Taiwan,TW,KN.B2,Population,numbers,units,Million,24.006,23.509,23.406,23.405309,23,24,24,,24,
TW,Taiwan,TW,KN.B1,Rank,1 = top game revenue country,units,1 = Highest total revenue,15,15,15,15,15,15,15,,15,
MK,TFYR Macedonia,MK,KN.B4,Total Revenues,U.S. dollars,units,Million U.S. dollars,14.827,15.425,18.746,18.612429,19,19,21,,,
MK,TFYR Macedonia,MK,KN.B3,Internet Population,numbers,units,Million,1.553,1.53,1.592,1.591751,2,2,2,,,
MK,TFYR Macedonia,MK,KN.B2,Population,numbers,units,Million,2.081,2.082,2.084,2.083308,2,2,2,,,
MK,TFYR Macedonia,MK,KN.B1,Rank,1 = top game revenue country,units,1 = Highest total revenue,98,98,99,99,97,97,100,,,
TH,Thailand,TH,KN.B4,Total Revenues,U.S. dollars,units,Million U.S. dollars,521.274,510.133,597.173,597.17202,597,600,692,,667,
TH,Thailand,TH,KN.B3,Internet Population,numbers,units,Million,28.693,29.222,31.786,31.785589,32,32,38,,38,
TH,Thailand,TH,KN.B2,Population,numbers,units,Million,68.147,68.147,68.298,68.297547,68,69,69,,69,
TH,Thailand,TH,KN.B1,Rank,1 = top game revenue country,units,1 = Highest total revenue,20,20,20,20,20,20,20,,19,
TT,Trinidad and Tobago,TT,KN.B4,Total Revenues,U.S. dollars,units,Million U.S. dollars,19.084,16.049,17.023,,,,,,,
TT,Trinidad and Tobago,TT,KN.B3,Internet Population,numbers,units,Million,0.983,0.989,0.989,,,,,,,
TT,Trinidad and Tobago,TT,KN.B2,Population,numbers,units,Million,1.365,1.365,1.365,,,,,,,
TT,Trinidad and Tobago,TT,KN.B1,Rank,1 = top game revenue country,units,1 = Highest total revenue,93,96,97,,,,,,,
TN,Tunisia,TN,KN.B4,Total Revenues,U.S. dollars,units,Million U.S. dollars,27.101,26.486,29.48,29.552013,30,30,37,,45,
TN,Tunisia,TN,KN.B3,Internet Population,numbers,units,Million,6.133,5.944,6.435,6.43465,6,6,7,,7,
TN,Tunisia,TN,KN.B2,Population,numbers,units,Million,11.375,11.376,11.495,11.49476,11,12,12,,12,
TN,Tunisia,TN,KN.B1,Rank,1 = top game revenue country,units,1 = Highest total revenue,83,83,88,88,88,89,84,,79,
TR,Turkey,TR,KN.B4,Total Revenues,U.S. dollars,units,Million U.S. dollars,755.493,685.002,773.888,773.887506,774,774,878,,853,
TR,Turkey,TR,KN.B3,Internet Population,numbers,units,Million,46.801,45.751,49.144,49.143877,49,49,53,,53,
TR,Turkey,TR,KN.B2,Population,numbers,units,Million,79.622,79.623,80.418,80.417526,80,81,82,,82,
TR,Turkey,TR,KN.B1,Rank,1 = top game revenue country,units,1 = Highest total revenue,16,16,18,18,18,18,18,,18,
UA,Ukraine,UA,KN.B4,Total Revenues,U.S. dollars,units,Million U.S. dollars,142.38,159.601,189.077,187.916391,188,195,217,,179,
UA,Ukraine,UA,KN.B3,Internet Population,numbers,units,Million,22.802,23.649,25.185,25.184677,25,25,26,,26,
UA,Ukraine,UA,KN.B2,Population,numbers,units,Million,44.624,44.625,44.406,44.405055,44,44,44,,44,
UA,Ukraine,UA,KN.B1,Rank,1 = top game revenue country,units,1 = Highest total revenue,45,44,43,43,43,42,42,,46,
AE,United Arab Emirates,AE,KN.B4,Total Revenues,U.S. dollars,units,Million U.S. dollars,249.388,233.333,281.611,283.32402,283,276,313,,342,
AE,United Arab Emirates,AE,KN.B3,Internet Population,numbers,units,Million,8.612,8.567,8.786,8.785019,9,9,9,,9,
AE,United Arab Emirates,AE,KN.B2,Population,numbers,units,Million,9.267,9.267,9.398,9.397599,9,9,10,,10,
AE,United Arab Emirates,AE,KN.B1,Rank,1 = top game revenue country,units,1 = Highest total revenue,35,36,35,35,35,35,36,,35,
UY,Uruguay,UY,KN.B4,Total Revenues,U.S. dollars,units,Million U.S. dollars,29.769,25.515,31.503,31.502457,32,32,37,,47,
UY,Uruguay,UY,KN.B3,Internet Population,numbers,units,Million,2.365,2.343,2.464,2.463598,2,2,3,,3,
UY,Uruguay,UY,KN.B2,Population,numbers,units,Million,3.444,3.445,3.457,3.456877,3,3,3,,3,
UY,Uruguay,UY,KN.B1,Rank,1 = top game revenue country,units,1 = Highest total revenue,77,86,83,83,83,84,85,,78,
UZ,Uzbekistan,UZ,KN.B4,Total Revenues,U.S. dollars,units,Million U.S. dollars,38.191,35.868,71.671,71.618908,72,72,90,,54,
UZ,Uzbekistan,UZ,KN.B3,Internet Population,numbers,units,Million,15.53,14.077,15.399,15.398799,15,16,17,,17,
UZ,Uzbekistan,UZ,KN.B2,Population,numbers,units,Million,30.3,30.301,30.691,30.690914,31,32,32,,32,
UZ,Uzbekistan,UZ,KN.B1,Rank,1 = top game revenue country,units,1 = Highest total revenue,73,74,66,66,66,68,62,,73,
VE,Venezuela (Bolivarian Republic of),VE,KN.B4,Total Revenues,U.S. dollars,units,Million U.S. dollars,208.55,171.683,204.311,204.310072,204,189,190,,,
VE,Venezuela (Bolivarian Republic of),VE,KN.B3,Internet Population,numbers,units,Million,20.336,20.612,21.957,21.956822,22,22,22,,,
VE,Venezuela (Bolivarian Republic of),VE,KN.B2,Population,numbers,units,Million,31.519,31.519,31.926,31.925705,32,32,32,,,
VE,Venezuela (Bolivarian Republic of),VE,KN.B1,Rank,1 = top game revenue country,units,1 = Highest total revenue,39,42,41,41,41,43,44,,,
VN,Vietnam,VN,KN.B4,Total Revenues,U.S. dollars,units,Million U.S. dollars,277.466,280.294,364.981,364.980342,365,367,490,,472,
VN,Vietnam,VN,KN.B3,Internet Population,numbers,units,Million,52.96,53.309,57.361,57.360333,57,57,52,,52,
VN,Vietnam,VN,KN.B2,Population,numbers,units,Million,94.444,94.445,95.415,95.41464,95,96,96,,96,
VN,Vietnam,VN,KN.B1,Rank,1 = top game revenue country,units,1 = Highest total revenue,31,32,28,28,28,28,25,,27,
YE,Yemen,YE,KN.B4,Total Revenues,U.S. dollars,units,Million U.S. dollars,,,28.67,28.525238,,,,,,
YE,Yemen,YE,KN.B3,Internet Population,numbers,units,Million,,,8.693,8.692887,,,,,,
YE,Yemen,YE,KN.B2,Population,numbers,units,Million,,,28.12,28.119546,,,,,,
YE,Yemen,YE,KN.B1,Rank,1 = top game revenue country,units,1 = Highest total revenue,,,89,89,,,,,,